<?xml version="1.0" encoding="UTF-8"?>
<project-private xmlns="http://www.netbeans.org/ns/project-private/1">
    <editor-bookmarks xmlns="http://www.netbeans.org/ns/editor-bookmarks/2" lastBookmarkId="0"/>
    <open-files xmlns="http://www.netbeans.org/ns/projectui-open-files/2">
        <group>
            <file>file:/F:/Dhruv%20Projects/linguistic%20cafe/public_html/contact.html</file>
            <file>file:/F:/Dhruv%20Projects/linguistic%20cafe/public_html/services.html</file>
            <file>file:/F:/Dhruv%20Projects/linguistic%20cafe/public_html/js/contact_me.js</file>
        </group>
    </open-files>
</project-private>
